assembly_path,binary_bytes,branch_count,candidate,compile_commands,contract,contract_error,correct,delta_cost,effects,executable_path,execution_command,flags,knowledge_id,measured,platform,repeats,role,run_id,runtime_mad_seconds,runtime_max_seconds,runtime_min_seconds,runtime_seconds,selection_role,status,stdout,timestamp_utc,timings_seconds,vector_count,warmups
/mnt/c/Users/cjh/AI-compiler-RISCV-opt-lit/EPAS/06_EPAS_Demo/build/20260717T054256060508Z/O2_baseline.s,8960,18,O2_baseline,"{""assembly"": [""/usr/bin/riscv64-linux-gnu-gcc"", ""-std=c11"", ""-O2"", ""-S"", ""/mnt/c/Users/cjh/AI-compiler-RISCV-opt-lit/EPAS/06_EPAS_Demo/bench.c"", ""-o"", ""/mnt/c/Users/cjh/AI-compiler-RISCV-opt-lit/EPAS/06_EPAS_Demo/build/20260717T054256060508Z/O2_baseline.s""], ""executable"": [""/usr/bin/riscv64-linux-gnu-gcc"", ""-std=c11"", ""-O2"", ""/mnt/c/Users/cjh/AI-compiler-RISCV-opt-lit/EPAS/06_EPAS_Demo/bench.c"", ""-o"", ""/mnt/c/Users/cjh/AI-compiler-RISCV-opt-lit/EPAS/06_EPAS_Demo/build/20260717T054256060508Z/O2_baseline""]}",vector_exposure,,True,,,/mnt/c/Users/cjh/AI-compiler-RISCV-opt-lit/EPAS/06_EPAS_Demo/build/20260717T054256060508Z/O2_baseline,"[""qemu-riscv64"", ""/mnt/c/Users/cjh/AI-compiler-RISCV-opt-lit/EPAS/06_EPAS_Demo/build/20260717T054256060508Z/O2_baseline"", ""vector"", ""1000000""]","[""-O2""]",K3,True,riscv64_template,3,baseline,20260717T054256060508Z,0.00022649999999999754,0.041932406,0.040570607,0.040797107,,measured,"4041834978
",2026-07-17T05:42:58.563373+00:00,"[0.040797107, 0.040570607, 0.041932406]",0,1
/mnt/c/Users/cjh/AI-compiler-RISCV-opt-lit/EPAS/06_EPAS_Demo/build/20260717T054256060508Z/O3_generic.s,8960,18,O3_generic,"{""assembly"": [""/usr/bin/riscv64-linux-gnu-gcc"", ""-std=c11"", ""-O3"", ""-S"", ""/mnt/c/Users/cjh/AI-compiler-RISCV-opt-lit/EPAS/06_EPAS_Demo/bench.c"", ""-o"", ""/mnt/c/Users/cjh/AI-compiler-RISCV-opt-lit/EPAS/06_EPAS_Demo/build/20260717T054256060508Z/O3_generic.s""], ""executable"": [""/usr/bin/riscv64-linux-gnu-gcc"", ""-std=c11"", ""-O3"", ""/mnt/c/Users/cjh/AI-compiler-RISCV-opt-lit/EPAS/06_EPAS_Demo/bench.c"", ""-o"", ""/mnt/c/Users/cjh/AI-compiler-RISCV-opt-lit/EPAS/06_EPAS_Demo/build/20260717T054256060508Z/O3_generic""]}",vector_exposure,0.0,True,1.0,"{""branch_reduction"": 0.0, ""runtime_gain"": 0.006958826761907325, ""size_reduction"": 0.0, ""vector_increase"": 0.0}",/mnt/c/Users/cjh/AI-compiler-RISCV-opt-lit/EPAS/06_EPAS_Demo/build/20260717T054256060508Z/O3_generic,"[""qemu-riscv64"", ""/mnt/c/Users/cjh/AI-compiler-RISCV-opt-lit/EPAS/06_EPAS_Demo/build/20260717T054256060508Z/O3_generic"", ""vector"", ""1000000""]","[""-O3""]",K3,True,riscv64_template,3,,20260717T054256060508Z,2.5799999999999434e-05,0.041907106,0.040487407,0.040513207,not_selected,measured,"4041834978
",2026-07-17T05:42:58.563373+00:00,"[0.040487407, 0.041907106, 0.040513207]",0,1
/mnt/c/Users/cjh/AI-compiler-RISCV-opt-lit/EPAS/06_EPAS_Demo/build/20260717T054256060508Z/Os_generic.s,8960,15,Os_generic,"{""assembly"": [""/usr/bin/riscv64-linux-gnu-gcc"", ""-std=c11"", ""-Os"", ""-S"", ""/mnt/c/Users/cjh/AI-compiler-RISCV-opt-lit/EPAS/06_EPAS_Demo/bench.c"", ""-o"", ""/mnt/c/Users/cjh/AI-compiler-RISCV-opt-lit/EPAS/06_EPAS_Demo/build/20260717T054256060508Z/Os_generic.s""], ""executable"": [""/usr/bin/riscv64-linux-gnu-gcc"", ""-std=c11"", ""-Os"", ""/mnt/c/Users/cjh/AI-compiler-RISCV-opt-lit/EPAS/06_EPAS_Demo/bench.c"", ""-o"", ""/mnt/c/Users/cjh/AI-compiler-RISCV-opt-lit/EPAS/06_EPAS_Demo/build/20260717T054256060508Z/Os_generic""]}",vector_exposure,0.0,True,1.0,"{""branch_reduction"": 0.16666666666666666, ""runtime_gain"": -0.038154666211993864, ""size_reduction"": 0.0, ""vector_increase"": 0.0}",/mnt/c/Users/cjh/AI-compiler-RISCV-opt-lit/EPAS/06_EPAS_Demo/build/20260717T054256060508Z/Os_generic,"[""qemu-riscv64"", ""/mnt/c/Users/cjh/AI-compiler-RISCV-opt-lit/EPAS/06_EPAS_Demo/build/20260717T054256060508Z/Os_generic"", ""vector"", ""1000000""]","[""-Os""]",K3,True,riscv64_template,3,,20260717T054256060508Z,0.00011649999999999855,0.043440107,0.042237207,0.042353707,not_selected,measured,"4041834978
",2026-07-17T05:42:58.563373+00:00,"[0.042353707, 0.043440107, 0.042237207]",0,1
/mnt/c/Users/cjh/AI-compiler-RISCV-opt-lit/EPAS/06_EPAS_Demo/build/20260717T054256060508Z/O3_unroll.s,13056,42,O3_unroll,"{""assembly"": [""/usr/bin/riscv64-linux-gnu-gcc"", ""-std=c11"", ""-O3"", ""-funroll-loops"", ""-S"", ""/mnt/c/Users/cjh/AI-compiler-RISCV-opt-lit/EPAS/06_EPAS_Demo/bench.c"", ""-o"", ""/mnt/c/Users/cjh/AI-compiler-RISCV-opt-lit/EPAS/06_EPAS_Demo/build/20260717T054256060508Z/O3_unroll.s""], ""executable"": [""/usr/bin/riscv64-linux-gnu-gcc"", ""-std=c11"", ""-O3"", ""-funroll-loops"", ""/mnt/c/Users/cjh/AI-compiler-RISCV-opt-lit/EPAS/06_EPAS_Demo/bench.c"", ""-o"", ""/mnt/c/Users/cjh/AI-compiler-RISCV-opt-lit/EPAS/06_EPAS_Demo/build/20260717T054256060508Z/O3_unroll""]}",vector_exposure,0.0,True,1.0,"{""branch_reduction"": -1.3333333333333333, ""runtime_gain"": 0.04605718733928851, ""size_reduction"": -0.45714285714285713, ""vector_increase"": 0.0}",/mnt/c/Users/cjh/AI-compiler-RISCV-opt-lit/EPAS/06_EPAS_Demo/build/20260717T054256060508Z/O3_unroll,"[""qemu-riscv64"", ""/mnt/c/Users/cjh/AI-compiler-RISCV-opt-lit/EPAS/06_EPAS_Demo/build/20260717T054256060508Z/O3_unroll"", ""vector"", ""1000000""]","[""-O3"", ""-funroll-loops""]",K3,True,riscv64_template,3,,20260717T054256060508Z,0.00036289999999999933,0.042861706,0.038555207,0.038918107,selected,measured,"4041834978
",2026-07-17T05:42:58.563373+00:00,"[0.038918107, 0.042861706, 0.038555207]",0,1
/mnt/c/Users/cjh/AI-compiler-RISCV-opt-lit/EPAS/06_EPAS_Demo/build/20260717T054256060508Z/O3_no_vector.s,8960,18,O3_no_vector,"{""assembly"": [""/usr/bin/riscv64-linux-gnu-gcc"", ""-std=c11"", ""-O3"", ""-fno-tree-vectorize"", ""-S"", ""/mnt/c/Users/cjh/AI-compiler-RISCV-opt-lit/EPAS/06_EPAS_Demo/bench.c"", ""-o"", ""/mnt/c/Users/cjh/AI-compiler-RISCV-opt-lit/EPAS/06_EPAS_Demo/build/20260717T054256060508Z/O3_no_vector.s""], ""executable"": [""/usr/bin/riscv64-linux-gnu-gcc"", ""-std=c11"", ""-O3"", ""-fno-tree-vectorize"", ""/mnt/c/Users/cjh/AI-compiler-RISCV-opt-lit/EPAS/06_EPAS_Demo/bench.c"", ""-o"", ""/mnt/c/Users/cjh/AI-compiler-RISCV-opt-lit/EPAS/06_EPAS_Demo/build/20260717T054256060508Z/O3_no_vector""]}",vector_exposure,0.0,True,1.0,"{""branch_reduction"": 0.0, ""runtime_gain"": 0.007863327171703682, ""size_reduction"": 0.0, ""vector_increase"": 0.0}",/mnt/c/Users/cjh/AI-compiler-RISCV-opt-lit/EPAS/06_EPAS_Demo/build/20260717T054256060508Z/O3_no_vector,"[""qemu-riscv64"", ""/mnt/c/Users/cjh/AI-compiler-RISCV-opt-lit/EPAS/06_EPAS_Demo/build/20260717T054256060508Z/O3_no_vector"", ""vector"", ""1000000""]","[""-O3"", ""-fno-tree-vectorize""]",K3,True,riscv64_template,3,,20260717T054256060508Z,8.429899999999602e-05,0.041400807,0.040392007,0.040476306,not_selected,measured,"4041834978
",2026-07-17T05:42:58.563373+00:00,"[0.040392007, 0.040476306, 0.041400807]",0,1
